dataset,method,status,n_seeds,accuracy_mean,accuracy_population_sd,macro_precision_mean,macro_precision_population_sd,macro_recall_mean,macro_recall_population_sd,macro_f1_mean,macro_f1_population_sd,mcc_mean,mcc_population_sd,fusion_weight_bse_mean,fusion_weight_bse_population_sd
Twibot22,BotDMM,available,3,0.7511904761904762,0.003367175148507357,0.7858447359951595,0.02105376047160381,0.7511904761904762,0.003367175148507357,0.7317288219997087,0.004461431850641994,0.657503016761104,0.016090453263578212,,
Twibot22,BSE-only,available,3,0.7595238095238095,0.0,0.8245449304011202,0.0,0.7595238095238095,0.0,0.731617627169991,0.0,0.6872696778064892,0.0,,
Twibot22,CBAF-Net,available,3,0.7555555555555555,0.004046840883803783,0.8029561034623462,0.027154134606803187,0.7555555555555555,0.004046840883803783,0.7331695783308517,0.003932600651825047,0.6706555638968802,0.020218296699721132,0.38333333333333336,0.37043517951488114
Twibot22,CBAF-Net fixed w=0.5,available,3,0.7583333333333333,0.0,0.8136734101854026,0.014292241092844734,0.7583333333333333,0.0,0.733158373900045,0.0045432086454056915,0.6802978829758434,0.00799593802461899,0.5,0.0
Twibot22,BSE-numerical-only fusion,available,3,0.7511904761904762,0.003367175148507357,0.7858447359951595,0.02105376047160381,0.7511904761904762,0.003367175148507357,0.7317288219997087,0.004461431850641994,0.657503016761104,0.016090453263578212,0.0,0.0
Twibot22,BSE-style-only fusion,available,3,0.7575396825396825,0.0020234204419018915,0.8156021647686756,0.012476099017997372,0.7575396825396825,0.0020234204419018915,0.7311896589065254,0.00288004609014853,0.6809680581751172,0.00733149983213358,0.8500000000000001,0.12247448713915887
Quadbot,BotDMM,available,3,0.7961309523809524,0.009115114780424748,0.8067935774479452,0.02497758138139969,0.7961309523809524,0.009115114780424748,0.7844045867867239,0.002778317343903325,0.7389947671793107,0.020853771033600015,,
Quadbot,BSE-only,available,3,0.8125,0.0,0.8602478643169409,0.0,0.8125,0.0,0.7911096143159663,0.0,0.7761779163801058,0.0,,
Quadbot,CBAF-Net,available,3,0.8110119047619048,0.002104484467817098,0.8491289549674411,0.010758470856371986,0.8110119047619048,0.002104484467817098,0.7915321796615209,0.0008163708766013684,0.7711066721120181,0.0057707106745300924,0.6666666666666666,0.023570226039551605
Quadbot,CBAF-Net fixed w=0.5,available,3,0.8065476190476191,0.006773694450441073,0.8344258391131353,0.02474877015808271,0.8065476190476191,0.006773694450441073,0.7896503065468657,0.0010529272654862128,0.7604222744622535,0.016954993237193485,0.5,0.0
Quadbot,BSE-numerical-only fusion,available,3,0.7961309523809524,0.009115114780424748,0.8067935774479452,0.02497758138139969,0.7961309523809524,0.009115114780424748,0.7844045867867239,0.002778317343903325,0.7389947671793107,0.020853771033600015,0.0,0.0
Quadbot,BSE-style-only fusion,available,3,0.8071428571428573,0.002187044413199258,0.8338557401032073,0.014509075473134887,0.8071428571428573,0.002187044413199258,0.7899630218228068,0.0018097108094896704,0.7616369796006851,0.007978837267292751,0.55,0.1414213562373095
